Carne,Laboratorio
202200131,F
202200135,F
201212764,F
202200392,F
202200110,F
202103035,F
202200035,F
202101616,F
202200048,F
202010286,F
202100204,F
202200007,F
202201128,F
202201405,F
202200181,F
202204496,F
202202882,F
202200235,F
202111456,F
202100312,F
202200314,F
201709173,F
202106651,F
202201130,F
202100167,F
202200033,F
202203009,F
202010511,F
202110531,F
202202182,F
202001361,F
202106435,F
201907177,F
202200141,F
202203361,F
202200031,F
202201724,F
202100507,F
202200151,F
202200003,F
202001816,F
202201444,F
202210009,F
201904051,F
202106364,F
201700816,F
201610975,F
201314405,F
202200081,F
201906792,F
202200002,F
202201211,F
202100171,F
201903104,F
202104727,F
202004730,F
201903009,F
201800967,F
202206560,F
202201461,F
202103527,F
202100044,F
202100509,F
202100081,F
201801331,F
202003654,F
202200089,F
201907720,F
202003536,F
202200231,F
202000805,F
202202696,F
202100113,F
201908248,F
202004071,F
202200174,F
202200057,F
202207595,F
202202233,F
202200119,F
202201457,F
202200331,F
202200061,F
202108307,F
202200075,F
202201318,F
201901509,F
202207551,F
202200100,F
202201131,F
202202072,F
202113318,F
202202906,F
202201989,F
202006658,F
202111460,F
202103763,F
202200309,F
202101146,F
202201336,F
202102651,F
202200252,F
202201213,F
